Top queries,Clicks,Impressions,CTR,Position
ุฎุฏูุงุช ุทูุงุจูุฉ,8,110,7.27%,7.89
ูุชุฌุฑ ุฎุฏูุงุช ุทูุงุจูุฉ,2,10,20%,7.6
ุฎุฏูุงุช ุทูุงุจูู,1,51,1.96%,9.59
ูููุฏ ุจุงุฑููุฏ,1,8,12.5%,13.88
ุงูุดุงุก ุจุงุฑููุฏ,1,2,50%,15.5
ุชุญุณูู ุงูุตูุฑ ุจุงูุฐูุงุก ุงูุงุตุทูุงุนู,1,1,100%,2
ุชุญููู ุตูุฑุฉ ุงูู jpg,1,1,100%,2
ุงุฏูุงุช pdf,0,31,0%,9.87
ุฎุฏูุงุช ุทูุงุจูุฉ ุงูุณุนูุฏูุฉ,0,23,0%,13.39
ูุฎุฏูุงุช,0,19,0%,32.58
ุงูุดุงุก ุจุงุฑููุฏ qr,0,14,0%,24.07
ูุนุงูุฌุฉ ุงูุตูุฑ,0,13,0%,10.85
ูุนุงูุฌุฉ ุตูุฑ,0,8,0%,10.38
ุญููู ุงูุงููุชุฑูููุฉ,0,8,0%,16.12
ุตูุฑ ุฎุฏูุงุช ุทูุงุจูุฉ,0,6,0%,7.5
ุฎุฏูุงุช ุทูุงุจูู ุญุงุฆู,0,6,0%,8.67
ุฅูุดุงุก ุจุงุฑููุฏ qr ูุฌุงูู,0,5,0%,16
ุจุงุฑููุฏ ูุฌุงูู,0,4,0%,8
ุฃุฏูุงุช pdf,0,4,0%,9
ุฅูุดุงุก ุจุงุฑููุฏ qr,0,4,0%,11.5
computer shop near me,0,4,0%,12.25
ููุฎุฏูุงุช ุงูุฅููุชุฑูููุฉ,0,3,0%,1
ุฏุนู,0,3,0%,3.67
ุฎุฏูุงุช ุทูุจูู,0,3,0%,8.33
ุถุบุท ุงูุตูุฑ ูุฌุงูุงู,0,3,0%,9.67
ุทูุงุจูุฉ,0,3,0%,9.67
ูุนุงูุฌู ุงูุตูุฑ,0,3,0%,9.67
ุงุฏูุงุช pdf ุงููุฌุงููุฉ,0,3,0%,10
ูููุฏ ุงูุจุงุฑููุฏ,0,3,0%,13.33
ุฅูุดุงุก ุจุงุฑููุฏ ูุฌุงูู,0,3,0%,13.67
ููุชุจ ุฎุฏูุงุช ุทูุงุจูู ุญุงุฆู,0,3,0%,14.67
ุฃุฏูุงุช ุชุญููู ุงูุตูุฑ,0,3,0%,17.67
ุงูุฎุฏูุงุช ุงูุทูุงุจูุฉ,0,3,0%,22
ุฃุฏูุงุช ุชุตููู ุงูุตูุฑ,0,2,0%,2
qr -code,0,2,0%,4
computer job near me,0,2,0%,7
services,0,2,0%,11
ุงุฏูุงุช pdf ุงููุฌุงููุฉ ุงูููุงูู,0,2,0%,12
ุงุฏูุงุช ุงู pdf ุงููุฌุงููุฉ,0,2,0%,14.5
ูููุฏ ุจุงุฑููุฏ ูุฌุงูู,0,2,0%,16.5
ูุดุฑูุน ุฎุฏูุงุช ุทูุงุจูุฉ,0,2,0%,20.5
image processing ุดุฑุญ,0,1,0%,1
ุฏูุฌ pdf,0,1,0%,1
ูุนุงูุฌุฉ ุงูุตูุฑ ุงูุฑูููุฉ,0,1,0%,1
w,0,1,0%,2
ุชุญููู ููู pdf,0,1,0%,2
ุญู w,0,1,0%,2
ุฎุฏูุงุช ุงููุชุฑูููู ุญุงุฆู,0,1,0%,2
ุตูุฑุฉ ุชู,0,1,0%,2
ุชุนุฏูู ุตูุฑ,0,1,0%,3
ุฏูุฌ ูููุงุช pdf,0,1,0%,3
ูููุน ุชุญุณูู ุฌูุฏุฉ ุงูุตูุฑ,0,1,0%,3
student services,0,1,0%,4
ุชุญููู ุงูุฑุงุจุท ุงูู ุจุงุฑููุฏ,0,1,0%,4
ุชุบููุฑ ุฎูููุฉ ุงูุตูุฑ,0,1,0%,5
ูุนุงูุฌุฉ ุงูุตูุฑ ุงูุฑูููุฉ ppt,0,1,0%,5
ุฎุฏูุงุช ุทุงูุจ ุญุงุฆู,0,1,0%,6
ุจุฑุงูุฌ ุฅูุดุงุก ูููุงุช pdf ูุฌุงููุฉ,0,1,0%,7
#0891b2,0,1,0%,8
qr codes are fun to create,0,1,0%,8
ุชุญููู ุตูุฑุฉ ุงูู,0,1,0%,8
ุถุบุท ุงูุตูุฑู,0,1,0%,8
ุชุญููู ุงูุตูุฑ ุงูู ุฌูุฏุฉ ุนุงููุฉ,0,1,0%,9
ูุนุงูุฌุฉ ุตูุฑุฉ,0,1,0%,9
ุฃุฏูุงุช ุชุนุฏูู ุงูุตูุฑ ุจุงูุนุฑุจูุฉ,0,1,0%,10
ุงุฏูุงุช pdf ูุฌุงููุฉ,0,1,0%,10
ุงุฏูุงุช ุจู ุฏู ุงู ูุฌุงููุฉ,0,1,0%,10
ุชุญููู ุงูุตูุฑุฉ ุงูู ุฌูุฏุฉ ุนุงููุฉ,0,1,0%,10
ุชุญููู ุงูู ุตูุฑุฉ,0,1,0%,10
ุดุฑูู w,0,1,0%,10
ุทูุงุจูู,0,1,0%,10
ูููุฏ ุฑูุฒ qr ูุฌุงูู,0,1,0%,10
ุฃุฏูุงุช ุชุตููู ุงูุตูุฑ ุงููุฌุงููุฉ,0,1,0%,11
ุงูุดุงุก ุฑูุฒ ุจุงุฑููุฏ ูุฌุงูู,0,1,0%,12
ูุญูู ุจุงุฑููุฏ,0,1,0%,14
ุงุฏูุงุช pdf ุงูููุงูู ุงููุฌุงููุฉ,0,1,0%,15
computer services near me,0,1,0%,18
ุงูุฎุฏูุงุช ุงูุทูุงุจูู,0,1,0%,21
ุฃุฏูุงุช ุชุตููู,0,1,0%,22
ูููุฏ ูุงุณุญ ุงูุจุงุฑููุฏ,0,1,0%,22
computer shop,0,1,0%,23
ูููุฏ qr,0,1,0%,43
ุฅูุดุงุก ุจุงุฑููุฏ ูุฌุงููุง,0,1,0%,47
๐ ุงุถุบุท ููุง ูุชุญููู ุงูููู,0,1,0%,54
ูุฎุฏูุงุชูุง,0,1,0%,93